 Age,SEX,cp,trestbps ,Chol,fbs,restecg,thalach,exang,Oldpeak,slope,ca,thal,Target 
49,Male,3,108,335,0,2,148,0,0.8,2,2,6,1
59,Male,2,130,152,0,2,154,0,2.6,2,0,3,1
63,Male,2,127,322,0,2,202,1,1.8,2,0,3,0
53,Male,4,122,196,0,2,81,0,1.8,1,1,3,1
36, Female,2,149,243,1,2,147,1,2.5,2,0,3,0
43,Male,2,149,170,1,2,164,0,1.6,3,0,3,0
48,Male,3,132,235,0,2,160,0,3,2,0,7,1
39,Male,3,155,207,0,1,157,0,1.4,2,0,7,1
60,Female,2,114,329,0,0,190,0,1.2,1,0,6,1
68, Male,4,120,179,0,2,156,1,1.2,3,2,3,1
55,Male,2,151,245,1,2,130,0,0.9,3,1,7,0
64,Female,4,142,257,0,2,161,0,0.1,2,0,3,1
42,Female,4,138,206,0,0,177,1,1.3,1,0,3,0
63,Female,2,142,260,0,2,173,1,1.4,2,0,7,1
51, Female,2,130,183,0,0,197,1,0.3,1,3,3,0
52,Male,3,139,126,0,0,148,0,1.3,2,0,7,1
29,Male,3,149,268,1,0,166,1,0.5,3,0,7,0
49,Female,4,124,276,0,2,181,0,1.2,2,2,3,1
53,Female,2,126,273,0,2,141,1,0.5,3,3,3,0
43,Male,4,133,230,0,0,169,0,0.2,1,0,7,0
45,Male,4,143,227,0,2,177,0,2.1,2,2,3,0
47,Male,3,130,289,0,0,148,0,1.4,2,0,7,1
49,Female,4,123,236,1,2,186,0,0.8,3,1,3,0
38, Male,4,135,283,1,2,186,1,2.9,1,0,3,0
64,Male,3,154,274,0,0,115,0,0.5,2,2,3,0
59,Male,3,136,290,0,0,100,0,1.2,2,0,7,0
61,Male,2,110,255,1,2,122,0,1.9,2,0,3,0
44,Female,4,168,209,0,0,132,0,0.8,3,0,3,1
47,Male,4,105,298,1,0,178,0,0.2,1,2,3,0
53,Male,4,138,190,0,2,147,0,3.5,2,1,3,0
60,Male,4,142,230,0,0,140,0,1.2,3,1,3,0
0, Male,1,94,307,0,2,187,1,1.1,3,1,3,0
66,Male,4,112,247,0,2,138,1,1.7,3,0,3,0
55,Female,1,132,174,0,0,174,1,1.1,3,0,7,1
30,Female,4,122,330,0,2,140,0,0.4,3,2,3,0
44,Male,4,143,246,1,2,173,0,0.4,1,0,6,0
,Male,3,136,203,0,0,154,1,1.4,2,3,7,1
55,Male,2,120,247,1,2,123,0,0.9,1,3,3,0
53,Male,4,135,144,0,0,108,0,1.4,3,1,3,1
46,Female,3,119,263,0,0,137,0,1.4,1,3,3,1
55,Male,3,142,235,0,2,151,0,2.3,1,0,7,1
44, Male,4,123,230,0,2,93,0,0.7,2,0,3,1
57,Male,4,173,195,0,0,160,0,0.9,1,0,3,0
52,Female,3,113,258,0,2,202,0,2.4,3,0,7,0
51,Male,4,151,293,1,2,175,1,0.3,2,3,7,1
46,Female,4,149,293,0,0,155,0,1.1,2,0,3,0
57,Female,4,122,363,0,2,175,1,0.6,2,0,3,1
47, Female,4,123,249,0,0,164,1,2.3,1,2,6,1
46,Female,1,141,250,0,0,141,0,0.2,2,0,3,0
36,Female,3,151,238,0,2,149,0,1.7,1,0,3,1
52,Female,4,140,165,0,0,117,0,0.6,2,0,3,1
37,Female,4,121,297,0,0,139,1,2.7,1,1,7,1
54, Male,3,141,178,0,2,131,0,2,2,0,7,0
74,Male,1,131,248,1,0,176,0,1.5,2,0,3,0
77, Male,4,137,243,0,2,149,1,2.2,2,0,3,0
45,Female,3,160,307,0,2,159,0,0.9,3,0,3,0
56, Male,2,137,309,0,2,140,0,0.7,1,1,6,1
43,Male,4,121,249,0,0,145,0,2.1,2,0,3,0
49,Male,4,122,303,0,0,149,1,0.6,3,0,7,0
48,Female,2,109,201,0,0,140,0,1.7,1,3,6,1
58,Female,4,158,226,0,2,162,0,1.8,2,1,3,1
44,Male,4,127,238,1,2,194,1,1.9,1,0,6,1
55,Male,4,121,296,0,2,140,0,1.9,2,2,7,0
60,Male,3,105,339,0,0,130,0,0.4,3,1,7,0
57,Male,3,122,262,0,2,135,0,0.6,2,0,3,0
54, Male,1,122,317,0,0,168,0,0.1,1,0,3,1
48,Male,4,126,328,1,2,138,0,2.6,3,0,3,0
52,Male,2,148,316,0,0,174,1,1.3,3,3,7,0
64, Male,2,144,282,0,0,170,1,0.8,2,1,7,0
49,Male,2,126,214,0,0,140,0,1.4,1,0,6,0
48,Male,3,136,203,0,0,155,0,0.2,2,1,7,0
56,Male,2,134,369,0,0,158,0,2.8,2,0,7,1
61,Male,4,146,302,0,0,123,1,1.4,2,2,6,0
57, Male,4,163,205,0,0,155,1,1.5,2,0,3,0
50,Female,1,130,244,1,2,110,1,0.8,2,0,7,1
59,Male,4,105,295,0,2,145,0,1.6,1,1,3,0
59,Male,3,125,198,0,2,120,0,1.8,1,0,3,1
55,Male,4,120,171,0,0,183,1,1.4,2,1,7,1
47,Male,1,109,194,1,0,168,1,0.1,2,0,3,1
65,Male,4,142,215,0,0,143,1,2.2,2,0,6,1
54,Female,4,162,196,0,2,151,1,2.2,1,0,7,0
57,Male,2,127,265,0,2,133,0,0.8,2,0,3,1
63,Male,4,131,-246,0,0,139,0,2.2,1,3,3,1
55, Female,4,162,262,0,0,137,1,1.3,2,1,7,1
56, Male,3,149,288,0,0,113,0,0.2,3,2,3,0
57,Male,4,148,299,1,0,185,1,0.4,3,0,6,0
49,Female,3,136,242,1,0,121,1,1.8,2,2,7,1
76, Female,4,145,262,0,2,127,0,1.2,1,0,3,0
61,Male,4,141,258,0,0,179,0,2.2,2,2,7,1
41,Female,3,156,154,0,2,121,0,0.7,3,0,3,1
52,Male,4,114,231,0,2,136,0,0.9,2,0,7,0
59, Male,1,111,190,0,0,142,0,1.9,3,3,7,1
50,Female,1,149,233,0,2,181,1,0.8,1,0,3,1
57,Male,4,124,192,0,2,147,0,0.8,3,2,7,1
57,Male,4,135,276,0,2,128,0,1.2,3,2,7,0
40,Male,4,103,254,0,0,167,0,0.8,1,0,7,1
60,Male,4,166,179,0,2,129,0,0.8,1,0,3,1
53,Male,2,130,228,0,2,124,0,1.2,2,0,7,1
47,Male,3,119,293,0,0,96,0,1.2,2,0,3,0
37,Female,3,138,249,1,2,171,0,1.3,3,0,3,0
59, Female,3,145,236,0,2,136,0,2.1,2,1,7,0
57, Female,4,112,223,0,0,135,0,2.5,2,0,3,1
41,Female,3,108,232,0,0,161,1,0.9,2,1,3,1
61, Male,4,124,254,0,1,141,0,1,3,1,3,1
57, Male,4,119,160,0,0,164,1,1.5,2,0,7,0
49,Male,3,157,221,0,2,144,1,1.2,3,0,7,1
52,Female,1,151,237,0,2,142,0,2.2,3,0,7,1
60,Female,1,140,276,0,0,147,0,0.4,3,2,3,0
48, Female,3,170,188,0,2,164,0,0.7,2,3,3,1
48, Female,3,138,301,0,0,147,0,0.1,2,0,6,1
54,Male,4,116,290,0,2,142,0,2.9,3,2,3,1
36, Male,3,119,192,0,0,175,0,0.6,2,2,3,0
56,Female,3,114,237,0,0,131,1,1,2,1,7,1
71,Male,4,94,332,1,2,119,0,0.5,2,0,7,1
,Female,4,130,252,0,0,121,0,0.7,3,0,6,1
67,Male,2,142,175,1,0,148,0,3,1,0,3,0
56,Female,2,161,230,0,2,122,0,1,3,2,6,0
43,Male,4,144,196,0,2,145,0,0.3,2,0,3,1
56,Female,3,132,307,0,2,122,0,1.7,2,0,7,1
54,Male,4,156,331,1,0,153,1,1.4,3,3,7,1
63,Female,3,146,213,0,2,127,1,3.3,1,0,6,1
53,Female,4,141,197,0,0,175,0,1,3,3,3,1
59,Male,2,131,272,0,0,135,0,1.5,2,2,3,1
60, Male,3,141,237,0,0,182,0,1.9,1,0,7,0
46,Male,4,152,224,0,0,134,1,1.9,1,0,3,1
51, Female,2,124,268,0,0,145,1,1.2,3,1,3,0
46, Female,4,118,307,0,0,155,0,0.8,3,0,3,1
49,Female,4,157,370,0,0,128,0,0.4,3,0,7,0
61,Male,4,133,252,0,2,161,0,0.2,3,0,3,1
57,Female,3,139,321,0,2,155,1,2.9,2,1,3,1
62,Male,4,109,212,1,0,175,1,3,3,2,7,1
46, Male,4,155,208,0,2,130,0,0.8,2,1,3,0
73,Male,4,134,247,1,2,128,1,2,2,0,7,1
60,Male,4,135,289,1,2,149,0,2.8,1,0,3,0
58,Male,4,142,184,0,2,160,0,2.1,3,0,3,0
61,Female,2,128,316,1,0,166,0,1.6,2,0,3,1
53, Male,4,101,245,0,0,154,1,0.4,1,1,7,0
38,Male,4,158,263,0,0,131,0,1.5,1,1,3,0
57,Male,4,113,144,0,2,148,0,2.9,3,1,7,0
58,Male,4,132,277,0,0,144,0,2.3,3,0,3,0
62,Male,1,140,-271,0,0,136,0,1.7,2,0,3,0
71,Male,4,149,196,1,2,153,0,2.2,2,0,3,1
53,Female,2,129,200,0,2,118,0,0.4,3,0,3,1
64,Male,2,121,216,0,0,138,0,0.9,2,0,3,0
46,Female,3,135,231,0,2,146,0,0.2,2,0,7,0
50,Male,2,162,302,0,1,169,0,0.7,1,0,7,0
44,Male,4,123,277,0,2,146,0,0,2,0,6,0
47,Male,4,105,167,0,2,158,0,1.2,2,3,3,0
41,Male,4,135,255,0,2,146,1,0.2,3,0,3,0
77,Male,2,157,136,1,0,163,0,1.7,3,0,7,1
68,Male,4,135,310,0,0,131,0,0.2,1,0,7,1
49,Male,3,137,176,0,2,162,0,2.1,2,3,3,1
50,Male,4,146,176,0,0,136,1,0.4,3,1,3,0
55,Male,4,99,256,0,0,136,0,3,1,0,7,1
61,Male,1,129,248,1,2,161,0,0.3,2,0,3,0
47, Male,3,158,212,0,0,142,0,1.1,2,0,3,0
51,Female,1,135,344,1,0,143,1,1.2,1,1,3,0
36, Female,2,117,229,0,2,158,0,1,2,0,7,1
56,Female,2,134,185,0,2,130,0,2.5,3,2,6,0
58, Male,1,138,218,0,2,80,0,0.5,2,0,3,0
52, Female,3,150,210,0,2,175,0,0.9,1,1,7,1
67,Male,3,104,-186,0,0,185,0,1.8,3,1,3,1
63,Female,4,115,234,0,2,166,1,1.2,2,0,3,1
57,Male,3,94,253,1,0,146,0,2.5,3,0,3,1
51,Male,3,122,188,0,0,189,1,0,2,0,7,0
57,Female,3,156,243,0,2,137,0,1.5,2,1,3,0
60, Male,3,108,269,0,2,103,0,1.8,2,0,7,0
67, Male,3,143,297,0,2,159,1,0.6,1,0,7,0
59,Male,3,124,248,0,2,166,0,0.7,3,1,7,1
40,Female,3,134,278,0,0,171,0,2.2,3,2,7,1
37,Female,4,125,251,0,2,171,0,1.5,1,1,7,0
50,Female,4,138,229,0,0,149,1,1.7,3,0,7,1
68,Male,3,125,252,0,2,111,1,2.4,1,0,7,1
54,Male,4,120,285,0,0,153,0,1.7,3,2,6,1
51,Male,4,128,243,0,0,148,0,0.3,2,0,3,0
56,Male,4,103,283,0,0,130,0,0.8,2,0,7,1
45,Male,4,109,250,0,2,135,0,0,3,0,3,0
64,Female,3,123,208,0,2,108,0,2.1,1,0,3,0
58,Male,2,143,240,1,2,142,1,1.2,3,3,7,0
63,Male,3,144,295,0,2,171,0,3.4,3,1,3,1
41,Male,2,128,294,0,2,141,0,1.1,2,0,7,1
49,Female,2,134,162,0,2,108,0,0.2,1,0,3,1
40,Male,3,144,183,0,0,129,0,0.6,2,0,7,0
52,Male,4,108,265,1,2,144,1,2.7,2,0,7,1
41, Male,3,130,264,0,2,130,0,0.7,2,0,3,0
57,Male,2,121,-359,0,2,143,1,3.6,3,0,3,0
50,Female,4,147,273,1,2,156,0,3.1,2,1,7,1
48,Male,3,160,239,0,0,166,0,0.9,1,0,3,0
49,Male,4,122,266,0,2,144,1,0.1,2,0,7,0
57,Male,2,158,176,0,0,164,1,0.1,2,2,3,0
48,Male,3,153,274,0,2,158,0,0.2,2,0,3,1
50,Male,2,139,242,1,2,144,0,1.8,2,0,3,0
68,Male,1,120,136,0,0,174,1,1.3,3,0,3,1
73,Male,1,114,235,1,0,145,0,0.2,2,0,6,1
48,Male,4,165,251,0,2,154,0,0.2,2,3,6,0
48, Male,4,123,231,0,2,150,0,1.6,3,2,7,0
61,Male,2,145,356,1,2,160,1,0.8,1,0,7,0
57,Male,2,145,253,0,0,158,0,0.7,3,0,7,1
51, Male,2,129,260,1,0,105,0,1.5,3,1,3,0
46,Male,4,106,254,0,0,175,0,0.1,2,0,7,0
42,Male,4,106,256,0,2,159,0,1.9,2,0,3,0
59,Male,4,104,238,1,0,182,0,2.1,2,0,6,0
40,Male,1,120,309,0,2,138,1,0.2,3,0,3,0
62, Male,2,141,308,0,0,90,1,0.3,3,0,3,1
55,Male,4,150,215,0,0,158,1,1.2,2,0,6,1
48,Male,3,130,241,0,0,120,1,0.6,2,0,6,0
41,Male,4,155,329,0,0,200,0,3,2,0,3,1
58,Male,4,139,126,0,0,153,0,1.1,2,0,7,1
43,Male,4,133,324,0,0,126,0,0.1,2,0,3,0
61,Male,3,120,298,0,0,155,0,1,1,0,7,0
58,Female,3,141,228,0,2,135,0,0.9,2,0,6,1
57, Male,3,139,327,0,0,114,1,2,1,0,3,0
71,Male,4,162,207,0,2,173,1,2,3,0,7,1
53, Male,4,149,279,1,0,152,0,0.2,3,0,3,1
54, Female,4,122,213,0,2,151,0,1.6,3,0,7,1
41,Male,4,147,239,0,0,162,1,1.6,1,0,3,0
60, Female,1,134,174,1,0,134,0,1.1,1,0,3,1
47,Male,4,174,166,0,0,163,1,0.6,3,0,3,1
63,Male,2,134,173,0,0,202,1,0.1,3,0,6,0
55,Male,2,133,193,1,0,139,0,1.5,2,0,6,0
61,Male,4,110,184,0,2,137,0,2.6,2,2,7,0
